Channel,Date,Text news,link
https://t.me/rbc_news,2025-11-24 09:32:16+00:00,"**Россия не получала официальную** **информацию об итогах переговоров Украины и США в Женеве,** заявил пресс-секретарь президента России Дмитрий Песков.

«Мы пока не видели никакого плана, мы читали заявления по итогам дискуссии, состоявшейся в Женеве, в тот текст, который ранее видели мы, были внесены какие-то корректировки»

Он также отметил, что Кремль не хочет вести обсуждение плана США по Украине через СМИ, «считает это невозможным и некорректным». 

🐚 РБК в [**Telegram**](https://t.me/+TWkNpYxFVos5YmRi) и [**MAX**](https://max.ru/rbc)",https://t.me/rbc_news/136479
https://t.me/rbc_news,2025-11-24 09:14:01+00:00,"**Дональд Трамп не углублялся в детали мирного плана по урегулированию российско-украинского конфликта,** [пишет](https://www.rbc.ru/politics/24/11/2025/69240f479a794791faef25a6?utm_source=telegram&utm_medium=messenger&utm_campaign=rbc_news&utm_content=69240f479a794791faef25a6) Washington Post со ссылкой на источник среди американских должностных лиц.

«Вы говорите ему: «Я хочу попытаться заключить сделку». Он ответит: «Прекрасно, иди и займись этим». И это тот уровень внимания, который он уделяет», — сказал источник. В администрации царит «абсолютный хаос», добавил он, и отметил, что **даже в разных частях Белого дома не знают, что происходит.**

По его мнению, действия спецпосланника Стива Уиткоффа, ставшего соавтором мирной инициативы, **застали Вашингтон врасплох.**

Составленный план в администрации «не считали незыблемым», а Киеву сообщили о наличии «простора для переговоров», рассказал собеседник WP. Вместе с тем, Вашингтон дал понять, что желает скорейшего заключения сделки, а угроза приостановки помощи чрезвычайно серьезна.

__Фото: Kevin Dietsch / Getty Images__

🐚 РБК в[** Telegram**](https://t.me/+TWkNpYxFVos5YmRi) и [**MAX**](https://max.ru/rbc)",https://t.me/rbc_news/136478
https://t.me/rbc_news,2025-11-24 09:00:01+00:00,"**«Дом РФ» **[**рассказал,**](https://realty.rbc.ru/news/6924117c9a7947c5746092b1)** что будет с ценами на жилье при ипотеке под 10%**

В 2027 году ставка по рыночной ипотеке может опуститься до **10% **и ниже, что приведёт к кратному росту спроса и скачку цен на жильё **на 10-15% **— вдвое выше ожидаемой инфляции, прогнозирует глава аналитического центра «Дом РФ» Михаил Гольдберг.

«Если инфляция ожидается на уровне 4-5%, то цены на жилье могут вырасти на уровне 10-15%. И это приведет к тому, что доступность жилья и показатели нацпроектов (мы все время это обсуждаем с Минстроем) могут оказаться под угрозой, именно доступность», — указал Гольдберг в ходе пресс-конференции в ТАСС, отметив, что в такой ситуации важны меры поддержки наращивания предложения, особенно в небольших регионах.

#ипотека

__Фото: R Photography Background / Shutterstock / FOTODOM__

🐚[**Читать РБК Недвижимость в Telegram**](https://t.me/realty_rbc)",https://t.me/rbc_news/136477
https://t.me/rbc_news,2025-11-24 08:51:28+00:00,"**Проект национальной модели целевых условий ведения бизнеса, по замыслу, должен обеспечить России более высокие позиции в рейтинге Всемирного Банка Business Ready. **В проекте предусмотрены способы упростить для бизнеса администрирование ряда налогов, узнал РБК. Речь об НДС, НДФЛ и налогах обособленных подразделений компаний. Так, частоту сдачи отчетности по НДФЛ хотят сократить, а по НДС запустить предзаполненные декларации. 

Разработчики предполагают, что бизнесу предложенные меры пойдут на пользу и позволят экономить существенное количество времени.

**Так ли это и какие могут в процессе внедрения инициатив возникнуть сложности на стороне бизнеса или даже самих налоговых органов — **[**в подписке РБК.**](https://pro.rbc.ru/demo/691f8e879a79478fc107a2ae?utm_source=telegram&utm_medium=messenger&utm_campaign=rbc_news&utm_content=691f8e879a79478fc107a2ae)**

**🐚 РБК в [**Telegram**](https://t.me/+TWkNpYxFVos5YmRi) и [**MAX**](https://max.ru/rbc)",https://t.me/rbc_news/136476
https://t.me/rbc_news,2025-11-24 08:36:08+00:00,"**Новый «лучший друг» Трампа президент Финляндии Александр Стубб и премьер Италии Джорджа Мелони вылетели в Вашингтон**, пишет газета Le Temps со ссылкой на источник из окружения финского лидера. 

Как пишет издание, в августе Стубб и Мелони уже приезжали в США, сопровождая Зеленского на его встрече с Трампом. После этого «общение между главами государств стало более теплым», отмечает Le Temps.

Финский лидер ранее сообщал, что поговорил с Зеленским, а в воскресенье вместе с Мелони и Трампом провел телефонный разговор для обсуждения «мирного соглашения по Украине».

__Фото: Kent Nishimura / Reuters

__🐚 РБК в [**Telegram**](https://t.me/+TWkNpYxFVos5YmRi) и [**MAX**](https://max.ru/rbc)",https://t.me/rbc_news/136475
https://t.me/rbc_news,2025-11-24 08:36:01+00:00,"Платформа [ФинКод](https://t.me/finkod_vtb) о финансовой и инвестиционной грамотности заняла первое место и забрала приз зрительских симпатий в номинации «Онлайн-курс» премии Digital Learning* 2025. Премия отмечает лучшие цифровые образовательные решения и показывает, кто реально умеет создавать яркие и полезные проекты.

Курсы ФинКода разработаны командой ВТБ Мои Инвестиции и доступны прямо в Телеграм. А значит, вы можете получать знания от экспертов рынка где и когда угодно. 

Отпразднуйте победу вместе с ВТБ Мои Инвестиции — получите 2025 подарочных финкоинов. Для этого зайдите на [платформу](https://t.me/finkod_vtb_bot) ➡️ перейдите во вкладку «Профиль» ➡️ введите промокод FINKOD_2025 в разделе «Мои промокоды».

Покорите мир финансов при поддержке профессионалов.

__Реклама, ВТБ (ПАО), 18+
erid: F7NfYUJCUneTTx4QviTr__

*Цифровое обучение",https://t.me/rbc_news/136474
https://t.me/rbc_news,2025-11-24 08:20:45+00:00,"**Делегация США рассчитывает провести отдельную встречу с представителями России по поводу плана урегулирования на Украине,** [сообщил](https://www.rbc.ru/politics/24/11/2025/6923f9909a7947231f6cbfee?utm_source=telegram&utm_medium=messenger&utm_campaign=rbc_news&utm_content=6923f9909a7947231f6cbfee) ABC News со ссылкой на американского чиновника. Подробности о возможной встрече он не озвучил.

Накануне американские официальные лица, включая министра армии Дэна Дрисколла, госсекретаря Марко Рубио и спецпосланника Стивена Уиткоффа, встретились в Женеве с представителями Украины. Стороны обсудили план США из 28 пунктов по прекращению конфликта.

__Фото: Win McNamee / Getty Images__

🐚 РБК в[** Telegram**](https://t.me/+TWkNpYxFVos5YmRi) и [**MAX**](https://max.ru/rbc)",https://t.me/rbc_news/136473
https://t.me/rbc_news,2025-11-24 08:08:20+00:00,"**Правящий в Республике Сербской (энтитет в составе Боснии и Герцеговины, БиГ, с сербским большинством) «Союз независимых социал-демократов» (СНСД) сообщил о **[**победе**](https://www.rbc.ru/politics/24/11/2025/6923dd9b9a7947316f8b9a25?from=short_news?utm_source=telegram&utm_medium=messenger&utm_campaign=rbc_news&utm_content=6911b3669a79476edca32bb5)** своего кандидата Синиши Карана на досрочных выборах президента, **передает Dnevni Avaz.

Каран — бывший министр внутренних дел, **союзник экс-президента Милорада Додика,** чей мандат был аннулирован в августе. При этом Додик остается главой СНСД.

По итогам подсчета 92% голосов Каран имеет неоспоримое преимущество в 12 тыс. голосов над основным конкурентом, кандидатом от оппозиционной Сербской демократической партии (СДС) Бранко Бланушем.

__Фото: Amel Emric / Reuters

__🐚 РБК в [**Telegram**](https://t.me/+TWkNpYxFVos5YmRi) и [**MAX**](https://max.ru/rbc)",https://t.me/rbc_news/136472
https://t.me/rbc_news,2025-11-24 07:50:01+00:00,"**Переговоры США и Украины в Женеве, состоявшиеся для обсуждения мирного плана, разительно отличались от «зловещей встречи в Киеве» тремя днями ранее**, [пишет](https://www.rbc.ru/politics/24/11/2025/692402b39a7947223c8e9b90?utm_source=telegram&utm_medium=messenger&utm_campaign=rbc_news&utm_content=692402b39a7947223c8e9b90) The Economist.

Журнал проводит параллели с февральской встречей Зеленского и Трампа в Белом доме, завершившейся скандалом и резким охлаждением отношений между странами. Как напоминает издание, вице-президент США Джей Ди Вэнс «снова стал силой, стремящейся подорвать отношения между Америкой и Украиной, **на этот раз он выдвинул явно пророссийский план».** Именно Вэнс позвонил Зеленскому для изложения условий, а его друг по колледжу мистер Дрисколл лично передал послание».

Марко Рубио тогда и сейчас приложил все усилия, чтобы **вернуть ситуацию в нужное русло, договорившись с Украиной,** отмечает The Economist. Как пишет издание, он позвонил встревоженным сенаторам из самолета и заверил их, что план был составлен в России, но через несколько часов изменил позицию и начал настаивать на американском происхождении документа.

__Фото: Mandel Ngan / Reuters__

🐚 РБК в[** Telegram**](https://t.me/+TWkNpYxFVos5YmRi) и [**MAX**](https://max.ru/rbc)",https://t.me/rbc_news/136471
https://t.me/rbc_news,2025-11-24 07:35:37+00:00,"Атаки украинских дронов на российские регионы в ночь на 24 ноября — в инфографике.

🐚 РБК в[** Telegram**](https://t.me/+TWkNpYxFVos5YmRi) и [**MAX**](https://max.ru/rbc)",https://t.me/rbc_news/136470
https://t.me/rbc_news,2025-11-24 07:27:56+00:00,"**Центробанк отреагировал на просьбу российских банков и предложил Министерству экономического развития **[**запретить продажу**](https://www.rbc.ru/economics/24/11/2025/692401ef9a7947223c8e9b87?from=short_news?utm_source=telegram&utm_medium=messenger&utm_campaign=rbc_news&utm_content=6911b3669a79476edca32bb5)** продуктов дочерних банков маркетплейсов на их собственных онлайн-платформах. **Об этом пишет «Коммерсантъ» со ссылкой на письмо главы Банка России Эльвиры Набиуллиной к министру экономразвития Максиму Решетникову.

Продукты дочерних банков, считает Набиуллина, «имеют заведомо неконкурентные преимущества по сравнению с другими участниками банковского рынка».

Глава ЦБ также предложила запретить онлайн-платформам устанавливать разные цены на своих площадках в зависимости от способа оплаты и привлечь Федеральную антимонопольную службу (ФАС) для контроля соблюдения новых правил.

__Фото: Наталья Шатохина / NEWS. ru / Global Look Press__

🐚 РБК в [**Telegram**](https://t.me/+TWkNpYxFVos5YmRi) и [**MAX**](https://max.ru/rbc)",https://t.me/rbc_news/136469
https://t.me/rbc_news,2025-11-24 07:15:33+00:00,"**Делегациям США и Украины на переговорах в Женеве удалось **[**согласовать**](https://www.rbc.ru/politics/24/11/2025/692401f79a79475cc05828a7?from=from_main_1?utm_source=telegram&utm_medium=messenger&utm_campaign=rbc_news&utm_content=6911b3669a79476edca32bb5)** большинство положений американского мирного плана, а значительную часть — скорректировать, **утверждает «РБК-Украина».

По данным издания, среди согласованных пунктов — численность ВСУ и формат обмена пленными. В то же время вопрос о территориях и закреплении в Конституции Украины положения об отказе вступать в НАТО стороны договорились «вынести за скобки». Эти темы будут обсуждать лично Зеленский и Трамп, говорится в материале.

__Фото: Emma Farge / Reuters__

🐚 РБК в [**Telegram**](https://t.me/+TWkNpYxFVos5YmRi) и [**MAX**](https://max.ru/rbc)",https://t.me/rbc_news/136468
https://t.me/rbc_news,2025-11-24 07:03:45+00:00,"**Следующие месяцы для Украины будут критическими, заявили американские военные, которые приезжали в Киев на прошлой неделе с оценкой ситуации на фронте. **Их слова [передал](https://www.rbc.ru/politics/24/11/2025/6923ef369a7947815bf82aa4?from=from_main_4?utm_source=telegram&utm_medium=messenger&utm_campaign=rbc_news&utm_content=6911b3669a79476edca32bb5) источник «РБК-Украина».

Представители США заявили на встрече, что ситуация складывается не в пользу украинской стороны. «Они считают, что следующие месяцы для нас будут критическими и что через 12 месяцев мы все равно потеряем Донецкую область. А если они нам все обрежут — это может произойти еще быстрее», — рассказал один из собеседников издания.

__Фото: Reuters

__🐚 РБК в [**Telegram**](https://t.me/+TWkNpYxFVos5YmRi) и [**MAX**](https://max.ru/rbc)",https://t.me/rbc_news/136467
https://t.me/rbc_news,2025-11-24 06:49:46+00:00,"**После переговоров Украины и США в Швейцарии остались «нерешенные вопросы»,** заявил президент Финляндии Александр Стубб. Он также сообщил, что провел телефонный разговор с Зеленским. 

«Вчерашние переговоры между Украиной и Соединенными Штатами в Женеве позволили сделать шаги на пути к справедливому и прочному миру. Все еще остаются нерешенные вопросы»

Ранее госсекретарь США Марко Рубио назвал «самой продуктивной» встречу в Женеве по Украине. Глава офиса Владимира Зеленского Андрей Ермак, возглавляющий украинскую делегацию, подтвердил, что был достигнут «хороший прогресс», и поблагодарил Трампа за его усилия по мирному урегулированию.

🐚 РБК в [**Telegram**](https://t.me/+TWkNpYxFVos5YmRi) и [**MAX**](https://max.ru/rbc)",https://t.me/rbc_news/136466
https://t.me/rbc_news,2025-11-24 06:31:20+00:00,"**Правительство поддержало законопроект группы депутатов, позволяющий частным водителям такси использовать в работе **[**личные автомобили,**](https://www.rbc.ru/politics/24/11/2025/6923483d9a79470026285e8c?from=from_main_5?utm_source=telegram&utm_medium=messenger&utm_campaign=rbc_news&utm_content=6911b3669a79476edca32bb5)** не соответствующие требованиям по локализации, **сообщили РБК два источника, знакомых с решением.

Согласно проекту, физические лица смогут включать свои автомобили в региональные реестры такси, даже если транспортное средство не соответствует нормам локализации, при условии, что оно находится в собственности владельца более шести месяцев и владелец использует его без привлечения третьих лиц. **Такое право, в случае принятия законопроекта, будет действовать до 1 января 2033 года.**

Для этой категории депутаты предлагает предусмотреть квоту в размере **не менее 25% от общего числа автомобилей, зарегистрированных в региональном реестре такси**.
Один из источников РБК объясняет, что решение принято, чтобы «обеспечить поэтапный и сбалансированный переход к требованиям локализации».

__Фото: Олег Яковлев / РБК

__🐚 РБК в [**Telegram**](https://t.me/+TWkNpYxFVos5YmRi) и [**MAX**](https://max.ru/rbc)",https://t.me/rbc_news/136465
https://t.me/rbc_news,2025-11-24 06:23:38+00:00,"**Европа готовится к тому, что Соединенные Штаты прекратят поддержку Украины на фоне проблем с урегулированием конфликта**, [заявил](https://www.rbc.ru/politics/24/11/2025/6923d81c9a79477df28db61e?from=short_news?utm_source=telegram&utm_medium=messenger&utm_campaign=rbc_news&utm_content=6911b3669a79476edca32bb5) Financial Times европейский чиновник.

В таком случае, отметил источник газеты, украинский лидер Владимир Зеленский и его страна останутся «в опасном положении». «Очевидно, что мы планируем именно такой сценарий», — сказал он.

Еще один европейский чиновник охарактеризовал ситуацию в администрации президента США Дональда Трампа как «беспорядочную».

🐚 РБК в [**Telegram**](https://t.me/+TWkNpYxFVos5YmRi) и [**MAX**](https://max.ru/rbc)",https://t.me/rbc_news/136464
https://t.me/rbc_news,2025-11-24 06:02:57+00:00,"**Департамент по повышению эффективности работы федерального правительства США (DOGE), которое до конца мая возглавлял бизнесмен Илон Маск, был расформирован за восемь месяцев **[**до истечения срока полномочий,**](https://www.rbc.ru/politics/24/11/2025/6923c6aa9a794715e0f63afa?from=short_news?utm_source=telegram&utm_medium=messenger&utm_campaign=rbc_news&utm_content=6911b3669a79476edca32bb5)** **сообщает Reuters. Департамент должен был завершить работу в июле 2026 года. 

Директор управления кадровой службы (OPM) Скотт Купор на вопрос о статусе DOGE ответил, что «такого не существует», добавив, что это больше не «централизованная структура».

Reuters со ссылкой на документы пишет, что многие функции DOGE перешли к OPM. Согласно подписанному президентом США Дональдом Трампом в августе указу, двое влиятельных сотрудников департамента теперь работают в Национальной дизайн-студии.

__Фото: Samuel Corum/Getty Images__

🐚 РБК в [**Telegram**](https://t.me/+TWkNpYxFVos5YmRi) и [**MAX**](https://max.ru/rbc)",https://t.me/rbc_news/136463
https://t.me/rbc_news,2025-11-24 05:45:38+00:00,"**Малайзия планирует ввести запрет на социальные сети для лиц младше 16 лет в 2026 году**, передает New Straits Times.
Платформам необходимо подготовить систему электронной идентификации к введению запрета, заявил министр коммуникаций Фахми Фадзил. 

«Я уверен, что если правительство, органы власти и родители будут работать сплоченно, мы сможем сделать так, чтобы Интернет в Малайзии был не только быстрым, широко распространенным и доступным, но, самое главное, безопасным, особенно для детей и семей»

Министр также отметил, что правительство изучает меры, применяемые в этой области в разных странах, например, в Австралии. Там уже в следующем месяце введут запрет на использование социальных сетей для лиц младше 16 лет.

🐚 РБК в [**Telegram**](https://t.me/+TWkNpYxFVos5YmRi) и [**MAX**](https://max.ru/rbc)",https://t.me/rbc_news/136462
https://t.me/rbc_news,2025-11-24 05:31:49+00:00,"**Каждая третья компания видит риски, связанные с кибербезопасностью при внедрении облачных решений, **[говорится](https://pro.rbc.ru/demo/69208d489a7947a4ae210f54?utm_source=telegram&utm_medium=messenger&utm_campaign=rbc_news&utm_content=69208d489a7947a4ae210f54) в совместном исследовании «Яков и партнеры» и Yandex B2B Tech. Еще 71% респондентов указали на правовые риски использования данных в облаках, 57% — на риски их конфиденциальности. 

Провайдеры, в свою очередь, настаивают — аналогичные риски присущи и локальным решениям, а использование облаков позволит компаниям внедрять искусственный интеллект без существенных финансовых и временных затрат.

__Фото: Thx4Stock team / Shutterstock__

🐚 РБК в [**Telegram**](https://t.me/+TWkNpYxFVos5YmRi) и [**MAX**](https://max.ru/rbc)",https://t.me/rbc_news/136461
https://t.me/rbc_news,2025-11-24 05:10:12+00:00,**Главные новости — в утреннем выпуске на телеканале РБК **🗞,https://t.me/rbc_news/136460
https://t.me/rbc_news,2025-11-24 04:52:01+00:00,"«Никто не избежит его правосудия»

**Трамп в соцсети Truth Social сделал репост картинки, сгенерированной нейросетями, на которой он изображен в образе **[**императора.**](https://www.rbc.ru/rbcfreenews/69238ed79a7947d2895bacf3?from=short_news?utm_source=telegram&utm_medium=messenger&utm_campaign=rbc_news&utm_content=6911b3669a79476edca32bb5)

У ног Трампа находятся коленопреклоненные люди в деловых костюмах. Они похожи на канцлера Германии Фридриха Мерца, главу Еврокомиссии Урсулу фон дер Ляйен и премьер-министра Великобритании Кира Стармера. 

🐚 РБК в [**Telegram**](https://t.me/+TWkNpYxFVos5YmRi) и [**MAX**](https://max.ru/rbc)",https://t.me/rbc_news/136459
https://t.me/rbc_news,2025-11-24 04:41:01+00:00,"**Минэнерго признало недостаточной текущую маржинальность АЗС. **В связи с этим ведомство считает целесообразным уйти от таргетирования цен на АЗС по потребительской инфляции (ИПЦ) и вместо этого применять более расширенный композитный индекс (ИЦД). Он учитывает такие компоненты, как рост фонда оплаты труда, налогов (акцизы), кредитной нагрузки, тарифов ЖКХ и транспортных перевозок, а также рост стоимости обновления основных средств. 

Так, по расчетам Минэнерго за 2025 год композитный индекс вырос на 14%, тогда как средний рост розничных цен на АИ-92 с начала года составил 12,7%, АИ-95 - 11,5% и дизель - 6,3% при росте ИПЦ только на 5,3%. А в 2026 году ИЦД увеличится на 5,7%, а ИПЦ на 4%. Таким образом, считает Минэнерго, переход на композитный индекс не повлечет за собой избыточный рост цен на АЗС. **Подробнее — читайте **[**в материале РБК. **](https://www.rbc.ru/business/24/11/2025/6920c0279a7947159a3a4efa?from=short_news?utm_source=telegram&utm_medium=messenger&utm_campaign=rbc_news&utm_content=6911b3669a79476edca32bb5)

__Фото: Михаил Гребенщиков/ РБК__

🐚 РБК в [**Telegram**](https://t.me/+TWkNpYxFVos5YmRi) и [**MAX**](https://max.ru/rbc)",https://t.me/rbc_news/136458
https://t.me/rbc_news,2025-11-24 04:31:01+00:00,"**Королевский военно-морской флот Великобритании **[**перехватил**](https://www.rbc.ru/rbcfreenews/6923c31d9a794715e0f63af8?from=from_main_8?utm_source=telegram&utm_medium=messenger&utm_campaign=rbc_news&utm_content=6911b3669a79476edca32bb5)** российский корвет «Стойкий» и танкер у побережья Великобритании**, сообщают Independent и Associated Press со ссылкой на заявления Минобороны страны.

По данным ведомства, патрульный корабль HMS Severn в течение двух недель отслеживал перемещение российских судов через Дуврский пролив и далее к западу. Позже наблюдение было передано неназванному союзнику по НАТО у побережья Бретани, при этом HMS Severn продолжил мониторинг на удалении, отметили в Минобороны. 

Точное время перехвата не названо. Как отметили в военном ведомстве, за два года число российских кораблей, подходящих к британским водам, увеличилось на 30%. Командование Королевского флота назвало операцию частью регулярного взаимодействия с союзниками по НАТО.

🐚 РБК в [**Telegram**](https://t.me/+TWkNpYxFVos5YmRi) и [**MAX**](https://max.ru/rbc)",https://t.me/rbc_news/136457
https://t.me/rbc_news,2025-11-24 04:20:01+00:00,"**Недавно предправления Сбербанка Герман Греф заявил, что объем недоплаченных маркетплейсами налогов в 2025 году составит 1,5 трлн руб.** РБК выяснил, как насчитали эту сумму. 

Это упущенные бюджетом налоги в 2026 году из-за разницы между потенциальными выплатами НДС в бюджет со всех продаж на маркетплейсах по средней базовой ставке, характерной для классического ретейла (21%, по данным «Сбера»), и оценкой фактической уплаты НДС селлерами на маркетплейсах, работающими на упрощенной системе налогообложения, и нерезидентами. По оценке «Сбера», на участников микро- и малого бизнеса на «упрощенке», а также на нерезидентов приходится около 60% оборота маркетплейсов или 6,8 трлн в 2025 году.

**Какие эффекты от этого видит «Сбер» для традиционной розницы, и как расчеты оценили независимые эксперты — **[**в материале РБК.**](https://pro.rbc.ru/demo/692326399a7947bdd36e81c1?utm_source=telegram&utm_medium=messenger&utm_campaign=rbc_news&utm_content=692326399a7947bdd36e81c1)**

**__Фото: Михаил Гребенщиков/ РБК __

🐚 РБК в [**Telegram**](https://t.me/+TWkNpYxFVos5YmRi) и [**MAX**](https://max.ru/rbc)",https://t.me/rbc_news/136456
https://t.me/rbc_news,2025-11-24 04:10:59+00:00,"**Силы ПВО за ночь сбили 93 беспилотника над регионами России**, сообщили в Минобороны.

45 дронов перехватили над территорией Белгородской области, 9 – над территорией Краснодарского края, 7 – над Нижегородской областью, 4 – над Воронежской, 20 – над акваторией Черного моря, 8 – над акваторией Азовского моря.

🐚 РБК в [**Telegram**](https://t.me/+TWkNpYxFVos5YmRi) и [**MAX**](https://max.ru/rbc)",https://t.me/rbc_news/136455
https://t.me/rbc_news,2025-11-24 03:59:53+00:00,"**В результате переговоров делегаций Украины и США в Женеве стороны разработали «обновленные и усовершенствованные рамки мирного урегулирования», **[говорится](https://www.rbc.ru/politics/24/11/2025/692398139a7947d0b502f7bf?from=from_main_1?utm_source=telegram&utm_medium=messenger&utm_campaign=rbc_news&utm_content=6911b3669a79476edca32bb5) в совместном заявлении Вашингтона и Киева, опубликованного Белым домом и офисом украинского президента.

В переговорах от США участвовали госсекретарь Марко Рубио, спецпосланник президента Стив Уиткофф, министр армии Дэниел Дрисколл и зять Дональда Трампа Джаред Кушнер, сказано в другом сообщении Белого дома по итогам переговоров.
В публикации говорится, что переговоры были конструктивными, целенаправленными и основанными на уважении, «что подчеркнуло общую приверженность достижению справедливого и прочного мира». 

Также Вашингтон и Киев сошлись в позиции, что любое будущее соглашение должно поддерживать суверенитет Украины и «обеспечивать устойчивый и справедливый мир».

__Фото: Kevin Dietsch / Getty Images

__🐚 РБК в [**Telegram**](https://t.me/+TWkNpYxFVos5YmRi) и [**MAX**](https://max.ru/rbc)",https://t.me/rbc_news/136454
https://t.me/rbc_news,2025-11-23 20:10:57+00:00,"России еще предстоит высказать позицию по плану урегулирования на Украине, заявил госсекретарь США Марко Рубио.

Он уточнил, что сейчас США прорабатывают договоренности с украинской стороной, после чего они будут переданы Москве.

🐚 РБК в [**Telegram**](https://t.me/+TWkNpYxFVos5YmRi) и [**MAX**](https://max.ru/rbc)",https://t.me/rbc_news/136453
https://t.me/rbc_news,2025-11-23 20:08:58+00:00,"**Европа **[**согласилась**](https://www.rbc.ru/politics/23/11/2025/6923582d9a794717a0a05722?utm_source=telegram&utm_medium=messenger&utm_campaign=rbc_news&utm_content=6923582d9a794717a0a05722)** на возврат России в G8 по окончании конфликта на Украине**, сообщает Reuters со ссылкой на европейский план урегулирования украинского кризиса. Этот план из 28 пунктов, как пишет агентство, разработали Великобритания, Франция и Германия на основе американского.

До этого один из планов ЕС опубликовала газета The Telegraph, в нем 24 пункта.

Согласно плану, которым поделился Reuters, Россия будет постепенно реинтегрироваться в мировую экономику.

«Россию снова пригласят в «Большую восьмерку», — говорится в одном из положений 13-го пункта плана.

Кроме этого, в отношении России будут постепенно смягчать санкции, при этом каждый конкретный случай будет обсуждаться и согласовываться поэтапно.

__Фото: Sean Gallup / Getty Images__

🐚 РБК в [**Telegram**](https://t.me/+TWkNpYxFVos5YmRi) и [**MAX**](https://max.ru/rbc)",https://t.me/rbc_news/136452
https://t.me/rbc_news,2025-11-23 19:58:01+00:00,"Солистка уличной группы «Стоптайм» Диана Логинова (известна под псевдонимом Наоко) [**покинула**](https://www.rbc.ru/politics/23/11/2025/692363e09a79470ab06ebedc?utm_source=telegram&utm_medium=messenger&utm_campaign=rbc_news&utm_content=692363e09a79470ab06ebedc)** Россию**, сообщила «Фонтанка» со ссылкой на источники. Эту информацию подтвердил РБК источник в окружении Логиновой.

Ранее сегодня Наоко и гитариста «Стоптайм» Александра Орлова освободили из-под административного ареста. Музыкантов группы задержали 15 октября и арестовали на 13 суток из-за публичного исполнения песен Noize MC (Иван Алексеев, внесен в реестр иноагентов) и Монеточки (Елизавета Гырдымова, внесена в реестр иноагентов).

После музыкантам трижды назначали административные аресты.

🐚 РБК в [**Telegram**](https://t.me/+TWkNpYxFVos5YmRi) и [**MAX**](https://max.ru/rbc)",https://t.me/rbc_news/136451
https://t.me/rbc_news,2025-11-23 19:28:52+00:00,"В ходе переговоров в Женеве американская сторона обвинила украинскую в утечке негативной информации о мирном плане в американскую прессу, пишет журналист Axios Барак Равид.

По данным его источников, украинская сторона согласилась опубликовать позитивное заявление одного из участников переговоров, «чтобы прояснить ситуацию».

Также, по словам Равида, в ходе переговоров США выразили готовность внести некоторые изменения на основе встречного предложения Украины.

🐚 РБК в [**Telegram**](https://t.me/+TWkNpYxFVos5YmRi) и [**MAX**](https://max.ru/rbc)",https://t.me/rbc_news/136450
https://t.me/rbc_news,2025-11-23 18:36:37+00:00,"Первая встреча с делегацией США в Женеве была продуктивной, **в ближайшее время состоится вторая**, [сообщил](https://www.rbc.ru/rbcfreenews/69234ae29a7947f3ed657560?utm_source=telegram&utm_medium=messenger&utm_campaign=rbc_news&utm_content=69234ae29a7947f3ed657560) руководитель украинской делегации на переговорах и глава офиса президента страны Андрей Ермак.

«Мы провели очень продуктивную первую встречу <...>. Достигли очень хорошего прогресса».

На второй встрече, которая пройдет в ближайшее время, стороны продолжат работать над общими предложениями с привлечением европейских партнеров, добавил он.

По словам Ермака, финальные решения примут Владимир Зеленский и президент США Дональд Трамп.

__Фото: Emma Farge / Reuters__

🐚 РБК в [**Telegram**](https://t.me/+TWkNpYxFVos5YmRi) и [**MAX**](https://max.ru/rbc)",https://t.me/rbc_news/136449
https://t.me/rbc_news,2025-11-23 18:18:04+00:00,"Украинский президент Владимир Зеленский [поблагодарил](https://www.rbc.ru/politics/23/11/2025/69233b599a7947334077a7ca?utm_source=telegram&utm_medium=messenger&utm_campaign=rbc_news&utm_content=69233b599a7947334077a7ca) США за усилия по урегулированию после того, как американский президент Дональд Трамп обвинил «руководство» Украины» в отсутствии благодарности.

Зеленский в телеграм-канале написал, что лидерство США «важно».

«Мы благодарны за все, что Америка и Президент Трамп делают ради безопасности, и сохраняем максимальную конструктивность».

Ранее Трамп в социальной сети Truth Social написал, что Украина не выразила «никакой благодарности» США за те усилия, которые власти приложили для урегулирования конфликта.

__Фото: Валентин Огиренко / Reuters__

🐚 РБК в [**Telegram**](https://t.me/+TWkNpYxFVos5YmRi) и [**MAX**](https://max.ru/rbc)",https://t.me/rbc_news/136448
https://t.me/rbc_news,2025-11-23 17:55:08+00:00,"**Полный **[**текст плана ЕС**](https://www.rbc.ru/politics/23/11/2025/692342a89a7947208d24f715?utm_source=telegram&utm_medium=messenger&utm_campaign=rbc_news&utm_content=692342a89a7947208d24f715)**, который опубликовала газета The Telegraph:**

1. Прекращение войны и договорённости, которые гарантируют недопущение ее повторения, для установления постоянной основы устойчивого мира и безопасности.

2. Обе стороны конфликта обязуются заключить полное и безоговорочное прекращение огня в воздухе, на суше и на море.

3. Обе стороны незамедлительно начинают переговоры о том, как технически реализовать мониторинг прекращения огня с участием США и европейских стран.

4. Под руководством США вводится международный мониторинг прекращения огня, который ведется силами партнеров Украины. Мониторинг будет преимущественно дистанционным с использованием спутников, дронов и других технологических средств с гибкой наземной компонентой для расследования предполагаемых нарушений.

5. Будет создан механизм, через который стороны смогут подавать отчеты о нарушениях прекращения огня и обсуждать корректирующие меры.

6. Россия безусловно возвращает всех депортированных и незаконно перемещенных украинских детей. Процесс будет проходить при поддержке международных партнеров.

7. Стороны конфликта обменивают всех военнопленных (по принципу «всех на всех»). Россия освобождает всех гражданских задержанных.

8. После обеспечения устойчивости прекращения огня стороны предпринимают меры для гуманитарного облегчения ситуации, включая семейные визиты через линию боевого соприкосновения.

9. Суверенитет Украины уважается и подтверждается. Украина не принуждается к нейтралитету.

10. Украина получает прочные юридически обязательные гарантии безопасности, в том числе — от США (аналог соглашения, подобного статье 5 Устава НАТО) для предотвращения будущей агрессии.

11. На Вооруженные силы Украины и оборонную промышленность страны не накладывается никаких ограничений, включая международное сотрудничество.

12. Страны-гаранты будут представлять собой специальную группу европейских и готовых присоединиться неевропейских стран. Украина свободна решать самостоятельно вопросы присутствия, вооружения и операций дружественных вооруженных сил, приглашённых правительством Украины на ее территорию.

13. Членство Украины в НАТО зависит от консенсуса внутри Альянса.

14. Украина становится членом ЕС.

15. Украина готова оставаться безъядерным государством в рамках ДНЯО.

16. Территориальные вопросы будут обсуждаться и решаться после полного и безусловного прекращения огня.

17. Переговоры о территориях начинаются с позиций от текущей линии соприкосновения.

18. После согласования территориальных вопросов и Россия, и Украина обязуются не изменять их силой.

19. Украина восстанавливает контроль над Запорожской АЭС (с участием США), а также над Каховской дамбой. Будет создан механизм передачи контроля.

20. Украина получает беспрепятственный проход по Днепру и контроль над Кинбурнской косой.

21. Украина и ее партнеры осуществляют экономическое сотрудничество без ограничений.

22. Украина будет полностью восстановлена и получит финансовую компенсацию, включая средства за счет российских суверенных активов, которые останутся замороженными до компенсации ущерба Украине.

23. Санкции, введённые против России с 2014 года, могут быть постепенно и частично смягчены после достижения устойчивого мира и с возможностью возобновления в случае нарушения мирного соглашения (механизм «snapback»).

24. Начнутся отдельные переговоры по европейской архитектуре безопасности с участием всех государств ОБСЕ.

__Фото: John Moore / Getty Images__

🐚 РБК в [**Telegram**](https://t.me/+TWkNpYxFVos5YmRi) и [**MAX**](https://max.ru/rbc)",https://t.me/rbc_news/136447
https://t.me/rbc_news,2025-11-23 17:35:57+00:00,"Госсекретарь США Марко Рубио [заявил](https://www.rbc.ru/politics/23/11/2025/69233fab9a7947b6d5ad47d1?utm_source=telegram&utm_medium=messenger&utm_campaign=rbc_news&utm_content=69233fab9a7947b6d5ad47d1), что в рамках переговоров с украинской делегацией в Женеве **прошла «самая продуктивная и значимая встреча с начала процесса».**

Он также сообщил, что более подробная информация появится позднее, и пообещал вечером сообщить о результатах переговоров.

Глава офиса Владимира Зеленского Андрей Ермак, возглавляющий украинскую делегацию, подтвердил, что был достигнут «хороший прогресс».

__Фото: Emma Farge / Reuters__

🐚 РБК в [**Telegram**](https://t.me/+TWkNpYxFVos5YmRi) и [**MAX**](https://max.ru/rbc)",https://t.me/rbc_news/136446
https://t.me/rbc_news,2025-11-23 17:21:32+00:00,"**The Telegraph **[**опубликовала**](https://www.rbc.ru/politics/23/11/2025/692340319a7947b6d5ad47d6?utm_source=telegram&utm_medium=messenger&utm_campaign=rbc_news&utm_content=692340319a7947b6d5ad47d6)** полный текст плана Евросоюза по урегулированию конфликта на Украине.**

Документ состоит из 24 пунктов. Согласно ему, территориальные переговоры будут вестись по текущей линии боевого соприкосновения, Украина также получает юридически подкрепленные гарантии безопасности, в том числе от США, по аналогии со статьей 5 Устава НАТО.

🐚 РБК в [**Telegram**](https://t.me/+TWkNpYxFVos5YmRi) и [**MAX**](https://max.ru/rbc)",https://t.me/rbc_news/136445
https://t.me/rbc_news,2025-11-23 17:05:08+00:00,"Европа [подготовила](https://www.rbc.ru/politics/23/11/2025/692334919a794704ee0c98ae?utm_source=telegram&utm_medium=messenger&utm_campaign=rbc_news&utm_content=692334919a794704ee0c98ae) встречное предложение к 28-пунктному мирному плану американского президента Дональда Трампа, Reuters ознакомился с планом, передает The Independent.

Документ предлагает ограничить численность украинской армии в «мирное время» до 800 тыс. военнослужащих, а также содержит положение о том, что «НАТО соглашается не размещать на постоянной основе войска под своим командованием на территории Украины в мирное время».

«Вступление Украины в НАТО зависит от консенсуса членов альянса, которого в настоящее время не существует», — говорится также в документе.

Кроме этого, согласно европейскому предложению, Украина получит «финансовую компенсацию, в том числе за счет замороженных российских суверенных активов, которые останутся заблокированными до тех пор, пока Россия не возместит ущерб Украине».

В рамках предложения Украина получит от США гарантии безопасности, аналогичные ст. 5 Вашингтонского договора о коллективной обороне, согласно которому, нападение на одного члена НАТО, воспринимается как нападения на всех участника альянса.

🐚 РБК в [**Telegram**](https://t.me/+TWkNpYxFVos5YmRi) и [**MAX**](https://max.ru/rbc)",https://t.me/rbc_news/136444
https://t.me/rbc_news,2025-11-23 16:40:43+00:00,**Главные новости к вечеру — на телеканале РБК **🐚,https://t.me/rbc_news/136443
https://t.me/rbc_news,2025-11-23 16:13:21+00:00,"Ситуация вокруг американского мирного плана по урегулированию украинского конфликта [меняется ежечасно](https://www.rbc.ru/politics/23/11/2025/692324d99a7947024bfb501b?utm_source=telegram&utm_medium=messenger&utm_campaign=rbc_news&utm_content=692324d99a7947024bfb501b), сообщил газете The Financial Times западный источник.

В воскресенье, 23 ноября, в Женеве Украина, США и европейские представители обсуждают мирный план американского президента Дональда Трампа. В Европе и Украине подготовили поправки в первоначальный вариант плана.

Ранее Трамп также сказал, что его предложение не является окончательным вариантом. По словам участника переговоров, предложение представляет собой «живой документ» и США готовы учесть замечания украинской и европейской сторон.

Тем не менее, как отметил один западный чиновник, говоря о позиции США, «сохраняется значительная неопределенность», а «ситуация меняется ежечасно».

🐚 РБК в [**Telegram**](https://t.me/+TWkNpYxFVos5YmRi) и [**MAX**](https://max.ru/rbc)",https://t.me/rbc_news/136442
https://t.me/rbc_news,2025-11-23 15:52:04+00:00,"Мирный план США по урегулированию конфликта на Украине соответствует большинству ключевых приоритетов Украины, [заявил](https://www.rbc.ru/rbcfreenews/692320869a794759bd4e893e?utm_source=telegram&utm_medium=messenger&utm_campaign=rbc_news&utm_content=692320869a794759bd4e893e) секретарь украинского Совета национальной безопасности и обороны Рустем Умеров.

«Текущая редакция документа, хотя и находится на завершающем этапе согласования, уже отражает большинство ключевых украинских приоритетов».

Умеров добавил, что ожидает дальнейшего прогресса на переговорах, начавшихся 23 ноября, между представителями США, Украины и стран Европы относительно возможных параметров соглашения. 

__Фото: Nina Liashonok / Keystone Press Agency / Global Look Press__

🐚 РБК в [**Telegram**](https://t.me/+TWkNpYxFVos5YmRi) и [**MAX**](https://max.ru/rbc)",https://t.me/rbc_news/136441
https://t.me/rbc_news,2025-11-23 15:31:07+00:00,"Канцлер Германии Фридрих Мерц [выразил сомнения](https://www.rbc.ru/rbcfreenews/69230f259a7947ebed037e96?utm_source=telegram&utm_medium=messenger&utm_campaign=rbc_news&utm_content=69230f259a7947ebed037e96), что согласие по предложенному США плану урегулирования конфликта на Украине будет достигнуто до 27 ноября. Об этом политик заявил на саммите G20 в Йоханнесбурге, передает Reuters.

«Президент [США Дональд] Трамп планирует достичь соглашения к четвергу [27 ноября]. Мы пока очень далеки от этого. Это не значит, что достичь соглашения совершенно невозможно, но я скептически отношусь к возможности такого исхода, учитывая нынешние разногласия».

🐚 РБК в [**Telegram**](https://t.me/+TWkNpYxFVos5YmRi) и [**MAX**](https://max.ru/rbc)",https://t.me/rbc_news/136440
https://t.me/rbc_news,2025-11-23 15:11:10+00:00,"Глава «Сбера» Герман Греф 19 ноября на конференции AI Journey объявил, что банк до 1 января сократит до 20% сотрудников центрального аппарата, чья эффективность оценивалась искусственным интеллектом. По его словам, для оценки проектов использовалась специальная мультиагентная система ИИ. Ее выводы были затем перепроверены командой экспертов, которая подтвердила их на 80%. 

В 2025 году банк уже сократил более 13,5 тыс. сотрудников, включая IT-персонал, в связи с внедрением ИИ. Решение Сбербанка об оптимизации штата с использованием ИИ отражает глобальный тренд, который наблюдается сейчас во многих крупных компаниях мира, поясняет ректор университета управления «ТИСБИ» Дмитрий Поляков. Важно понимать, что речь идет не о революционном переломе, а об эволюции подходов к управлению персоналом, говорит он. 

Согласно исследованию международной консалтинговой компании Gartner, 71% опрошенных глав кадровых служб сообщили, что уже используют технологии для оптимизации процессов оценки персонала.

Принцип работы таких систем основан на анализе обширного массива данных — от количественных показателей KPI до поведенческих паттернов, проявляющихся в корпоративной переписке и участии в совещаниях. Теоретически это обеспечивает беспристрастность и единые критерии оценки для всех сотрудников. Однако на практике внедрение ИИ в кадровые процессы сопровождается серьезными рисками.

Важно понимать, что аналитические выводы нейросети не являются самостоятельным юридическим основанием для увольнения. Как напоминают юристы, сотрудники сохраняют право оспаривать такие решения и защищать свои интересы в соответствии с Трудовым кодексом РФ.

**В чем риски вмешательства ИИ в кадровые вопросы и как сотруднику защитить свою работу от алгоритма — **[**читайте в подписке РБК**](https://pro.rbc.ru/demo/691f01e19a7947a8876590ee?utm_source=telegram&utm_medium=messenger&utm_campaign=rbc_news&utm_content=691f01e19a7947a8876590ee)**.**

__Фото: Андрей Любимов / РБК__

🐚 РБК в [**Telegram**](https://t.me/+TWkNpYxFVos5YmRi) и [**MAX**](https://max.ru/rbc)",https://t.me/rbc_news/136439
https://t.me/rbc_news,2025-11-23 14:45:15+00:00,"Урсула фон дер Ляйен [**назвала**](https://www.rbc.ru/politics/23/11/2025/692306539a794745c35dfacd?utm_source=telegram&utm_medium=messenger&utm_campaign=rbc_news&utm_content=692306539a794745c35dfacd)** условия ЕС по урегулированию конфликта на Украине**. Полный текст заявления председателя Еврокомиссии опубликован на сайте исполнительного органа ЕС.

«Мы согласовали ключевые элементы, необходимые для справедливого и прочного мира и суверенитета Украины».

Фон дер Ляйен выделила три из них:

▪️ границы «не могут изменяться силой»;
▪️ ЕС против ограничений в отношении Вооруженных сил Украины, которые могут оставить страну «уязвимой для будущей агрессии и тем самым подорвать европейскую безопасность»;
▪️ центральная роль ЕС в обеспечении мира для Украины «должна получить полное отражение».

Кроме этого, «европейская судьба» Украины должна начинаться с восстановления страны. Далее необходима ее интеграция в европейский рынок и оборонно-промышленную базу. В конечном счете, произойдет вступление Украины в ЕС.

«Ключевой элемент, который должен быть частью любого соглашения, — возвращение каждого украинского ребенка <...> Мы должны поместить этих детей на вершину глобальной повестки дня», — добавила фон дер Ляйен.

Президент Владимир Путин отвергал обвинения в адрес России в похищении украинских детей. По словам главы государства, детей не похищали, а спасали, вывозя из зоны боевых действий. В свою очередь глава МИД Сергей Лавров заявил, что большая часть людей из переданного на переговорах в Стамбуле украинской стороной списка 339 детей, якобы вывезенных Россией, оказались либо взрослыми, либо находятся вне территории России.

__Фото: Pierre Crom / Getty Images__

🐚 РБК в [**Telegram**](https://t.me/+TWkNpYxFVos5YmRi) и [**MAX**](https://max.ru/rbc)",https://t.me/rbc_news/136438
https://t.me/rbc_news,2025-11-23 14:24:38+00:00,"Трамп заявил, что власти Украины не поблагодарили США за приложенные усилия по достижению мира.

«Руководство» Украины не выразило никакой благодарности за наши усилия, а Европа продолжает покупать нефть у России». 

Республиканец отметил, что Соединенные Штаты продолжают продавать «огромные партии оружия» НАТО для распространения на Украину.

🐚 РБК в [**Telegram**](https://t.me/+TWkNpYxFVos5YmRi) и [**MAX**](https://max.ru/rbc)",https://t.me/rbc_news/136437
https://t.me/rbc_news,2025-11-23 14:06:26+00:00,"Специалисты экстренных служб [**потушили**](https://www.rbc.ru/rbcfreenews/692310dc9a79472e1f9400ca?utm_source=telegram&utm_medium=messenger&utm_campaign=rbc_news&utm_content=692310dc9a79472e1f9400ca)** пожар на Шатурской ГРЭС**, **подвергшейся налету беспилотников**. Об этом сообщил губернатор Московской области Андрей Воробьев.

«Пожар на ГРЭС ликвидирован. Сейчас идет дотушивание и охлаждение, полная ликвидация последствий запланирована к 17:00».

Глава региона отметил, что специалисты работают над восстановлением теплоснабжения в больнице.

«Уже начали монтаж врезок в теплотрассу, в течение двух часов запустим циркуляцию. Параллельно запускаем подачу тепла в микрорайон Керва».

🐚 РБК в [**Telegram**](https://t.me/+TWkNpYxFVos5YmRi) и [**MAX**](https://max.ru/rbc)",https://t.me/rbc_news/136436
https://t.me/rbc_news,2025-11-23 13:21:54+00:00,"Украина и ее европейские союзники [будут настаивать](https://www.rbc.ru/politics/23/11/2025/6922fa459a7947b4d76777b7?utm_source=telegram&utm_medium=messenger&utm_campaign=rbc_news&utm_content=6922fa459a7947b4d76777b7) на том, чтобы переговоры с Россией о любых территориальных обменах прошли только после прекращения огня вдоль нынешней линии соприкосновения, сообщили Bloomberg источники, знакомые с предложением.

По их данным, идея будет представлена США во время переговоров в Швейцарии.

Кроме этого, украинская делегация и европейские представители требуют от США гарантий безопасности, аналогичных ст. 5 о взаимной обороне НАТО, согласно которой нападение на одного участника альянса воспринимается как нападение на всех. Украинцы также требуют использования замороженных активов России для восстановления и компенсации Киеву.

Европейский план предполагает, что США получат компенсацию за гарантии, которые они предоставят, а российские активы останутся замороженными до тех пор, пока Москва не согласится возместить ущерб Украине. При этом санкции с России будут снимать поэтапно, если будут соблюдены условия плана, уточнила газета.

__Фото: Diego Fedele / Getty Images__

🐚 РБК в [**Telegram**](https://t.me/+TWkNpYxFVos5YmRi) и [**MAX**](https://max.ru/rbc)",https://t.me/rbc_news/136435
https://t.me/rbc_news,2025-11-23 12:52:01+00:00,"**Мир способен идти к прогрессу без участия США**, [заявил](https://www.rbc.ru/rbcfreenews/6922e12f9a794704ac0b8b7c?from=short_news?utm_source=telegram&utm_medium=messenger&utm_campaign=rbc_news&utm_content=6911b3669a79476edca32bb5) премьер-министр Канады Марк Карни на пресс-конференции в Йоханнесбурге в рамках саммита G20.

«На саммите G20 в этом году собрались страны, представляющие три четверти населения мира, две трети мирового ВВП и три четверти мировой торговли. И это без официального участия Соединенных Штатов. Это напоминает о том, что центр тяжести в мировой экономике смещается», — сказал Карни.

Он подчеркнул, что, если ХХ век характеризовался «концентрацией капитала, производства и власти», то нынешнее время выдвинуло на первый план распространение технологий, энергии и влияния, за счет «подъема стран Юга и новой роли средних держав, таких как Канада, в многосторонних соглашениях, выгодных для всех».

Карни отметил, что консенсус, достигнутый на встрече лидеров G20 имеет большое значение, несмотря на бойкот со стороны Трампа. Канадский премьер также подчеркнул, что не даст президенту США диктовать правила.

__Фото: Marco Longari / Reuters

__🐚 РБК в [**Telegram**](https://t.me/+TWkNpYxFVos5YmRi) и [**MAX**](https://max.ru/rbc)",https://t.me/rbc_news/136434
https://t.me/rbc_news,2025-11-23 12:21:12+00:00,"**Эрдоган заявил, что рассчитывает провести телефонные переговоры с Путиным в понедельник. 
**
«На этой неделе Владимир Зеленский был гостем Турции, завтра у нас ожидаются телефонные переговоры с господином Владимиром Путиным», – заявил турецкий лидер. 

Он также отметил, что планирует созвониться с Дональдом Трампом после разговора с Владимиром Путиным.

🐚 РБК в [**Telegram**](https://t.me/+TWkNpYxFVos5YmRi) и [**MAX**](https://max.ru/rbc)",https://t.me/rbc_news/136433
https://t.me/rbc_news,2025-11-23 12:00:33+00:00,"**Минобороны **[**впервые**](https://www.rbc.ru/politics/23/11/2025/6922efe59a79477d837308a6?from=short_news?utm_source=telegram&utm_medium=messenger&utm_campaign=rbc_news&utm_content=6911b3669a79476edca32bb5)** сообщило об уничтожении дронов в Архангельской области**. Средства противовоздушной обороны уничтожили **два украинских беспилотника** над Архангельской областью, отметило ведомство. Ранее регион в сводках министерства не упоминался.

Дроны были сбиты в период с 9:00 до 13:00 мск. Помимо Архангельской области атаке также подвергся Московский регион, где были сбиты три дрона, в том числе два, летевших в направлении Москвы. Еще три БПЛА уничтожили в Белгородской области, два — над территорией Калужской области.

Местный портал «29. ru» пишет, что **жители Архангельска столкнулись с проблемами с мобильным интернетом**. В региональном правительстве ранее объяснили, что временные ограничения на передачу данных связаны с «мероприятиями, направленными на обеспечение безопасности жителей Архангельской области».

🐚 РБК в [**Telegram**](https://t.me/+TWkNpYxFVos5YmRi) и [**MAX**](https://max.ru/rbc)",https://t.me/rbc_news/136432
https://t.me/rbc_news,2025-11-23 11:54:01+00:00,"**Администрация Трампа готовит план **[**переговоров с Россией,**](https://www.rbc.ru/politics/23/11/2025/6922e8749a79470251718749?from=short_news?utm_source=telegram&utm_medium=messenger&utm_campaign=rbc_news&utm_content=6911b3669a79476edca32bb5)** посвященных урегулированию между Москвой и Киевом,** сообщает The New York Times со ссылкой на американского чиновника.

Эти переговоры пройдут отдельно от женевских, где 23 ноября встречаются представители США, Украины и стран Европы для обсуждения мирного плана Вашингтона.

О том, что Соединенные Штаты готовятся к скорой встрече с Россией, также сообщил CNN, не уточняя, где и когда она может пройти. Колумнист The Washington Post Дэвид Игнатиус допустил, что, **если в Женеве будет достигнут прогресс, Уиткофф может отправиться с планом к Путину**, «но, возможно, не сразу». В Кремле сообщали, что в Москве готовы принять спецпосланника «в любой момент».

__Фото: Kylie Cooper / Reuters

__🐚 РБК в [**Telegram**](https://t.me/+TWkNpYxFVos5YmRi) и [**MAX**](https://max.ru/rbc)",https://t.me/rbc_news/136431
https://t.me/rbc_news,2025-11-23 11:26:32+00:00,"**Украинская делегация, назначенная Зеленским, начала работу в Женеве**, сообщил глава офиса президента Украины Андрей Ермак. 

«Провел первую встречу с советниками по вопросам национальной безопасности лидеров Великобритании, Франции и Германии. <…> Следующая встреча – с делегацией США. Настроены очень конструктивно»

Ермак подчеркнул, что сегодня пройдет ряд встреч в разных форматах.

🐚 РБК в [**Telegram**](https://t.me/+TWkNpYxFVos5YmRi) и [**MAX**](https://max.ru/rbc)",https://t.me/rbc_news/136430
https://t.me/rbc_news,2025-11-23 10:56:42+00:00,"**Спецпосланник президента США Стив Уиткофф и госсекретарь Марко Рубио **[прибыли](https://www.rbc.ru/rbcfreenews/6922e3b99a79477d3cfc3826?from=short_news?utm_source=telegram&utm_medium=messenger&utm_campaign=rbc_news&utm_content=6911b3669a79476edca32bb5)** в Женеву для обсуждения разработанного Вашингтоном мирного плана по урегулированию конфликта на Украине**, сообщил Reuters со ссылкой на американского чиновника.

По его информации, накануне состоялись также «позитивные и конструктивные переговоры» между официальными лицами США и Украины.

В Женеве пройдут переговоры между Соединенными Штатами и Украиной по поводу предложенного Вашингтоном плана. По данным CNN, туда уже прилетел министр армии США Дэниел Дрисколл. The Guardian называет его новым спецпредставителем американского президента по Украине на фоне сообщений о предстоящей отставке Кита Келлога. 

🐚 РБК в [**Telegram**](https://t.me/+TWkNpYxFVos5YmRi) и [**MAX**](https://max.ru/rbc)",https://t.me/rbc_news/136429
https://t.me/rbc_news,2025-11-23 10:10:01+00:00,"**Национальное антикоррупционное бюро Украины готовит обвинение секретарю Совета национальной безопасности и обороны (СНБО), экс-министру обороны Рустему Умерову, **[сообщил](https://www.rbc.ru/politics/23/11/2025/6922d8209a794724608cee79?from=short_news?utm_source=telegram&utm_medium=messenger&utm_campaign=rbc_news&utm_content=6911b3669a79476edca32bb5) в телеграм-канале депутат Верховной рады и член партии «Европейская солидарность» Алексей Гончаренко.

Как утверждает нардеп, главе СНБО вменяют хищение государственных средств. «Кроме этого, на Рустема Умерова записана часть «общака», выведенная в страны Персидского залива», — пишет он.

«Не буду называть «кличку» Умерова на записях. Сами догадаетесь», — добавил Гончаренко.

НАБУ в течение последних нескольких дней обнародовало данные о расследовании коррупционного дела в сфере энергетики, в том числе записи прослушки разговоров. 

__Фото: Руслан Канюка / Keystone Press Agency / Global Look Press

__🐚 РБК в [**Telegram**](https://t.me/+TWkNpYxFVos5YmRi) и [**MAX**](https://max.ru/rbc)",https://t.me/rbc_news/136428
https://t.me/rbc_news,2025-11-23 09:38:01+00:00,"**Обманывая представителей разных возрастных категорий, мошенники **[**используют**](https://www.rbc.ru/rbcfreenews/6922c3e49a79475d8db31709?from=short_news?utm_source=max&utm_medium=messenger&utm_campaign=rbc_news)** одинаковые базовые приемы — давление, ложные авторитеты и выманивание денег, — но подстраивают легенды под возраст жертвы, **сообщили в МВД. 

Как рассказали в киберполиции, мошенники чаще обманывают подростков через онлайн-игры и соцсети, выдавая себя за администраторов или стримеров. С ними мошенники используют в том числе запугивание, придумывая «уголовные дела» или «угрозы семье».
Молодым людям в возрасте от 18 до 25 лет предлагают фейковые подработки и инвестиции, требуют «активационные платежи» и используют схемы с «взломом Госуслуг».

Пожилых людей мошенники втягивают в многоходовые схемы с имитацией взлома сервисов и последующими поддельными звонками якобы из банка или ФСБ и используют классическую легенду «родственник в беде».Опасны и «проверки» от якобы сотрудников ЖЭКа или почты, предупредили в МВД.

__Фото: Михаил Гребенщиков/ РБК

__🐚 РБК в [**Telegram**](https://t.me/+TWkNpYxFVos5YmRi) и [**MAX**](https://max.ru/rbc)",https://t.me/rbc_news/136427
https://t.me/rbc_news,2025-11-23 09:12:36+00:00,"**ПВО сбила еще один летевший на Москву беспилотник**, сообщил Собянин.",https://t.me/rbc_news/136426
https://t.me/rbc_news,2025-11-23 09:07:06+00:00,"**Российские военные взяли под контроль Петровское в ДНР, а также Тихое и Отрадное в Днепропетровской области, **сообщили в Минобороны. 

🐚 РБК в [**Telegram**](https://t.me/+TWkNpYxFVos5YmRi) и [**MAX**](https://max.ru/rbc)",https://t.me/rbc_news/136425
https://t.me/rbc_news,2025-11-23 08:45:21+00:00,"**План урегулирования между Россией и Украиной, подготовленный США, предусматривает возможность передачи Киеву ракет Tomahawk после окончания военных действий,** [сообщает](https://www.rbc.ru/politics/23/11/2025/69229a6b9a794751e789b128?from=short_news?utm_source=telegram&utm_medium=messenger&utm_campaign=rbc_news&utm_content=6911b3669a79476edca32bb5) колумнист The Washington Post Дэвид Игнатиус со ссылкой на источники.

По словам собеседников WP, администрация США признает, что гарантии безопасности Украине, которые содержатся в плане из 28 пунктов, «недостаточно прочные». Они допускают, что президент Дональд Трамп может пересмотреть положение об ограничении численности ВСУ до 600 тыс. человек.

Что касается Tomahawk, как сообщают источники Игнатиуса, американские чиновники рассматривают возможность их отправки Украине в качестве альтернативы размещению европейских войск на территории страны в качестве «силы сдерживания» после прекращения огня.

🐚 РБК в [**Telegram**](https://t.me/+TWkNpYxFVos5YmRi) и [**MAX**](https://max.ru/rbc)",https://t.me/rbc_news/136424
https://t.me/rbc_news,2025-11-23 08:40:12+00:00,"**В аэропорту Внуково введены временные ограничения на взлет и посадку самолетов для обеспечения безопасности полетов**, сообщает Росавиация.

🐚 РБК в [**Telegram**](https://t.me/+TWkNpYxFVos5YmRi) и [**MAX**](https://max.ru/rbc)",https://t.me/rbc_news/136423
https://t.me/rbc_news,2025-11-23 08:22:46+00:00,"**Европейский вариант мирного урегулирования между Россией и Украиной **[**подразумевает,**](https://www.rbc.ru/politics/23/11/2025/6922b2cf9a7947ad5b72f36e?from=from_main_1?utm_source=telegram&utm_medium=messenger&utm_campaign=rbc_news&utm_content=6911b3669a79476edca32bb5)** что на украинские вооруженные силы не будут наложены какие-либо ограничения**, сообщает The Washington Post со ссылкой на копию документа.

Лидеры ЕС подготовили свой проект в ответ на представленный США план из 28 пунктов, один из которых предусматривает ограничение численности ВСУ до 600 тыс. человек. WP приводит также другие положения европейского плана, согласно которым:

▪️Украина вернет контроль над Запорожской атомной электростанцией и Каховской ГЭС;
▪️Украина получит возможность «беспрепятственного прохода» по реке Днепр и контроль над Кинбурнской косой(полоса суши на Кинбурнском полуострове между Днепровско-Бугским лиманом и Ягорлыцким заливом в устье Днепра; с лета 2022 года находится под контролем российских войск);
▪️другие территориальные вопросы будут урегулированы после прекращения огня.

__Фото: Reuters__

🐚 РБК в [**Telegram**](https://t.me/+TWkNpYxFVos5YmRi) и [**MAX**](https://max.ru/rbc)",https://t.me/rbc_news/136422
https://t.me/rbc_news,2025-11-23 08:00:34+00:00,"**Читайте самые интересные публикации за неделю:
**
🔵**Сам ты инвестор!  
**[Эксперт по валюте назвал условие для обвала курса рубля
](https://t.me/selfinvestor/23586)
🔵**AUTONEWS
**[Кому нужно срочно поменять права. Этих водителей ждут штрафы
](https://t.me/anrbc/14029)
🔵**РБК Деньги
**[Какие переводы по СБП будут проверять банки с 1 января
](https://t.me/rbc_pro/4731)
🔵**РБК Спорт
**[Глава МОК прокомментировала политическое вмешательство в спорт
](https://t.me/rbc_sport/30073)
🔵**РБК Недвижимость
**[До 63%: сколько жилья в новостройках курортов России покупают приезжие
](https://t.me/realty_rbc/6409)
🔵**РБК Life
**[Пранкеры обошли охрану Лувра и повесили свой портрет в зале с «Джокондой»
](https://t.me/rbc_life/11080)
🔵**РБК Вино
**[Вино на свидании: как избежать ошибок и как оценить партнера
](https://t.me/rbc_wine/4505)
🔵**РБК Тренды
**[Меньше радоваться: что такое дофаминовое голодание и кому оно пригодится
](https://t.me/rbc_trends/12514)
🔵**РБК Крипто
**[Биткоин обвалился, это уже дно или еще нет? Самые обсуждаемые аргументы за и против
](https://t.me/RBCCrypto/21011) 
🔵**РБК Крипто. Форум
**[Что интересного на «РБК Крипто. Форум». Подборка горячих тем, эфиры с экспертами и обзоры рынка
](https://t.me/RBCCrypto/20980)
🔵**РБК Стиль
**[Гид по Ташкенту: где жить, где есть, что посмотреть 
](https://t.me/rbcstyle/5140)
🔵**Таманцев. В итоге 
**[«Смута», «Заря» и «Лихо»: новые видеоигры с русским культурным кодом
](https://t.me/tamantsev_v_itoge/308)
🔵**PR с РБК Компании
**[8 фильмов для вдохновения и поиска креативных идей
](https://t.me/companiesrbc/391)
🔵**РБК Медианавигатор 
**[Нужно ли дизайнеру в медиа уметь верстать?
](https://t.me/rbc_medianavigator/265)
🔵**Дело в тебе
**[Как понять, что вы не на своем месте
](https://t.me/trends_education/1770)
📁 [**Папка со всеми Telegram-каналами РБК**](https://t.me/addlist/JWdvnvk5xHk0YjRi)",https://t.me/rbc_news/136421
https://t.me/rbc_news,2025-11-23 07:38:05+00:00,"**Секретарь Совета национальной безопасности и обороны (СНБО) Украины Рустем Умеров на встрече с американскими чиновниками во Флориде допустил, что Зеленский готов пойти на компромисс в вопросе территорий — **[**уступить часть Донбасса**](https://www.rbc.ru/politics/23/11/2025/6922a9f79a7947f1eea8e4ae?from=short_news?utm_source=telegram&utm_medium=messenger&utm_campaign=rbc_news&utm_content=6911b3669a79476edca32bb5)** в обмен на мирное соглашение**, пишет колумнист The Washington Post Дэвид Игнатиус.

Игнатиус ссылается на источники, знакомые с ходом переговоров о мирном плане США из 28 пунктов. По словам собеседников, Умеров также заявил, что Украина может согласиться на предусмотренное этим планом ограничение численности армии 600 тыс. человек.

При этом, пишет WP, США готовы пересмотреть пункт об ограничении численности армии, который вызвал резкую реакцию Украины и стран Европы.

__Фото: Sean Gallup / Getty Images

__🐚 РБК в [**Telegram**](https://t.me/+TWkNpYxFVos5YmRi) и [**MAX**](https://max.ru/rbc)",https://t.me/rbc_news/136420
https://t.me/rbc_news,2025-11-23 07:07:01+00:00,"**Состояние президента США Дональда Трампа **[**снизилось**](https://www.rbc.ru/rbcfreenews/692262519a79477df9918809?from=short_news?utm_source=telegram&utm_medium=messenger&utm_campaign=rbc_news&utm_content=6911b3669a79476edca32bb5)** на $1,1 млрд с сентября из-за падения стоимости акций компании Trump Media and Technology Group (TMTG), принадлежащей его семье**. Об этом пишет Forbes.

По информации издания, в сентябре 2025 года состояние Трампа достигло рекордной отметки в $7,3 млрд на фоне инвестиций в криптовалюту. Это позволило ему занять 201-е место в списке 400 богатейших людей Америки по версии журнала Forbes.

При этом сейчас состояние Трампа составляет $6,2 млрд. В пятницу, 21 ноября, стоимость акций TMTG упала до 10,18 канадских долларов из-за резкого падения курса биткоина и других токенов.

__Фото: John McDonnell / Getty Images

__🐚 РБК в [**Telegram**](https://t.me/+TWkNpYxFVos5YmRi) и [**MAX**](https://max.ru/rbc)",https://t.me/rbc_news/136419
https://t.me/rbc_news,2025-11-23 06:43:55+00:00,"**Силы ПВО уничтожили ещё один беспилотник, летевший на Москву**, сообщил Собянин. На месте падения обломков работают специалисты экстренных служб, отметил он. 

🐚 РБК в [**Telegram**](https://t.me/+TWkNpYxFVos5YmRi) и [**MAX**](https://max.ru/rbc)",https://t.me/rbc_news/136418
https://t.me/rbc_news,2025-11-23 06:34:36+00:00,"**На Шатурскую ГРЭС сегодня ночью была совершена атака беспилотников**, сообщил губернатор Московской области Андрей Воробьев. Он отметил, что часть дронов уничтожили силы ПВО, несколько упали на территорию станции. 

«На объекте возник пожар, сейчас он локализован, экстренные службы продолжают работу. Электроснабжение в городе не нарушено — переключение на резервные линии выполнено оперативно»

🐚 РБК в [**Telegram**](https://t.me/+TWkNpYxFVos5YmRi) и [**MAX**](https://max.ru/rbc)",https://t.me/rbc_news/136417
https://t.me/rbc_news,2025-11-23 06:26:01+00:00,**Главные новости — в утреннем выпуске на телеканале РБК **🗞,https://t.me/rbc_news/136416
https://t.me/rbc_news,2025-11-23 06:00:01+00:00,"**Соединенные Штаты готовы начать новый этап операций против Венесуэлы **[**в ближайшие дни,**](https://www.rbc.ru/politics/23/11/2025/692238ec9a7947c63c3a5297?from=from_main_4?utm_source=telegram&utm_medium=messenger&utm_campaign=rbc_news&utm_content=6911b3669a79476edca32bb5)** **сообщает Reuters со ссылкой на американских чиновников. Захват Мадуро фигурировал среди трех возможных сценариев от FT по атаке Венесуэлы. 

Сейчас администрация президента США Дональда Трампа усиливает давление на Каракас, Вашингтон в том числе рассматривает варианты свержения венесуэльского лидера Николаса Мадуро. «Президент Трамп готов использовать все возможности американской власти, чтобы остановить поток наркотиков в нашу страну и привлечь виновных к ответственности», — сказал один из чиновников.

В понедельник Соединенные Штаты также намерены внести «картель Солнц» (Cartel de los Soles) в перечень террористических организаций. Администрация Трампа обвинила Мадуро в руководстве Cartel de los Soles, он это отрицает. 

🐚 РБК в [**Telegram**](https://t.me/+TWkNpYxFVos5YmRi) и [**MAX**](https://max.ru/rbc)",https://t.me/rbc_news/136415
https://t.me/rbc_news,2025-11-23 05:35:14+00:00,"**Госсекретарь Марко Рубио отказался от **[**спорного**](https://amp.rbc.ru/rbcnews/politics/23/11/2025/692272229a79474bbb6a6ad7?utm_source=telegram&utm_medium=messenger&utm_campaign=rbc_news&utm_content=6911b3669a79476edca32bb5)** мирного плана по Украине и считает, что предложение из 28 пунктов не соответствует политике администрации Дональда Трампа**, пишет Financial Times со ссылкой на источники.

Рубио также сообщил сенаторам, что ему не известно о каких-либо угрозах не передавать американское оружие или разведданные Украине в случае, если они откажутся подписать соглашение, говорится в материале.

«Это не наша рекомендация. Это не наш мирный план», — сказал сенатор-республиканец Майк Раундс. Похожее мнение высказал независимый сенатор от штата Мэн Ангус Кинг. Он назвал предложение «списком пожеланий русских».__

Фото: John McDonnell / Getty Images

__🐚 РБК в [**Telegram**](https://t.me/+TWkNpYxFVos5YmRi) и [**MAX**](https://max.ru/rbc)",https://t.me/rbc_news/136414
https://t.me/rbc_news,2025-11-23 05:10:11+00:00,"**Соединенные Штаты очень **[**близки**](https://www.rbc.ru/politics/23/11/2025/692279e29a794789ab16f2c4?from=from_main_1?utm_source=telegram&utm_medium=messenger&utm_campaign=rbc_news&utm_content=6911b3669a79476edca32bb5)** к урегулированию конфликта на Украине**, заявил спецпосланник американского президента по Украине Кит Келлог в интервью телеканалу Fox News.

«В армии мы всегда говорим, что последние 10 метров до цели — самые тяжелые. **Мы на последних двух метрах**»

Келлог добавил, что Вашингтон может подтолкнуть украинские власти к отказу от территорий в обмен на гарантии безопасности, и отметил, что Киеву «предстоит принять трудные решения».

Спецпосланник Трампа добавил, что конфликт необходимо прекратить, потому что Украина «сталкивается с катастрофическими потерями». Обращение украинского лидера Владимира Зеленского к нации он назвал «частью позерства». 

__Фото: Johannes Simon / Getty Images

__🐚 РБК в [**Telegram**](https://t.me/+TWkNpYxFVos5YmRi) и [**MAX**](https://max.ru/rbc)",https://t.me/rbc_news/136413
https://t.me/rbc_news,2025-11-23 05:00:58+00:00,"**ПВО за ночь уничтожила 75 беспилотников над регионами России и Черным морем**, сообщили в Минобороны.

36 дронов перехватили над акваторией Черного моря, 10 – над Крымом, 9 – над Брянской областью, 7 – над Воронежской, 4 – над территорией Краснодарского края, 3 – над территорией Смоленской области, 2 – над территорией Московского региона, 2 – над территорией Белгородской области, по 1 – над Калужской и Рязанской областями. 

🐚 РБК в [**Telegram**](https://t.me/+TWkNpYxFVos5YmRi) и [**MAX**](https://max.ru/rbc)",https://t.me/rbc_news/136412
https://t.me/rbc_news,2025-11-22 19:51:07+00:00,"🔮 **Обложка, которая предсказывает будущее. И мы ее полностью разобрали для вас **💱

Вы наверняка знаете про окутанную мистикой и конспирологией обложку The Economist. Считается, что через нее «тайное мировое правительство» в лице семьи Ротшильдов, которым принадлежит доля в журнале, образно передает послание — каким будет следующий год. 

💱Обложки не раз становились пророческими: в разные годы сбывались прогнозы The Economist об исходах выборов, геополитических событиях, природных бедствиях — и даже пандемия была предсказана  🃏

⭐️ **__Расшифровываем послание «теневого правительства» и журналистские тексты The World Ahead от The Economist на 2026 год:

__**💱**__ __**[**Мир, войны, игры: что пророчит обложка-ребус The Economist в 2026 году**](https://pro.rbc.ru/demo/691df0489a79476e18dd0cda?utm_source=telegram&utm_medium=messenger&utm_campaign=rbc_news&utm_content=691df0489a79476e18dd0cda)** **💱",https://t.me/rbc_news/136405
https://t.me/rbc_news,2025-11-22 19:11:25+00:00,"План США по Украине должен быть согласован с ЕС, [заявил](https://www.rbc.ru/politics/22/11/2025/6921fa709a7947e23db1ed13?utm_source=telegram&utm_medium=messenger&utm_campaign=rbc_news&utm_content=6921fa709a7947e23db1ed13) президент Франции Эммануэль Макрон, его слова приводит Le Monde.

Он приветствовал появление нового мирного плана, но подчеркнул необходимость более широких переговоров с участием европейцев. Нынешнее предложение, считает Макрон, «не может быть просто американской инициативой».

«Этот план хорош тем, что он предлагает мир и признает важные аспекты вопросов суверенитета и безопасности», — сказал французский лидер в кулуарах саммита G20 в Йоханнесбурге, подчеркнув: «Мы знаем, что если в мирном плане для Украины не будет элементов сдерживания, то россияне вернутся и нарушат свое обещание».

Президент сообщил, что во вторник, 25 ноября, состоится видеоконференция «коалиции желающих», на которой союзники обсудят американский план по прекращению конфликта.

__Фото: Thomas Mukoya / Reuters__

🐚 РБК в [**Telegram**](https://t.me/+TWkNpYxFVos5YmRi) и [**MAX**](https://max.ru/rbc)",https://t.me/rbc_news/136404
https://t.me/rbc_news,2025-11-22 18:33:55+00:00,"Если украинский президент Владимир Зеленский не согласится на сделку, **он может продолжать «сражаться изо всех небольших сил»**, [заявил](https://www.rbc.ru/politics/22/11/2025/6922019a9a79473f35311471?utm_source=telegram&utm_medium=messenger&utm_campaign=rbc_news&utm_content=6922019a9a79473f35311471) американский лидер Дональд Трамп журналистам, его слова приводит Telegraph.

На вопрос: «Это ваше окончательное предложение Украине?», Трамп ответил отрицательно. Он отметил, что хочет добиться мира, что «должно было произойти уже давно».

🐚 РБК в [**Telegram**](https://t.me/+TWkNpYxFVos5YmRi) и [**MAX**](https://max.ru/rbc)",https://t.me/rbc_news/136403
https://t.me/rbc_news,2025-11-22 18:08:41+00:00,"**Европа **[**хочет**](https://www.rbc.ru/politics/22/11/2025/6921ecb99a79472df0e52e6b?utm_source=telegram&utm_medium=messenger&utm_campaign=rbc_news&utm_content=6921ecb99a79472df0e52e6b)** изменить как минимум четыре пункта мирного плана США,** пишет Bild.

В частности, европейцы не согласны с предложением администрации президента Дональда Трампа о территориях. Речь идет о том, что Крым, Луганск и Донецк будут признаны де-факто российскими, а границы в Херсонской и Запорожской областях будут заморожены по линии соприкосновения.

Европейские страны также оспаривают ограничение численности украинской армии в 600 тыс. человек. Лидеры Европы и стран G7 на саммите G20 в ЮАР выразили обеспокоенность сокращением численности украинских вооруженных сил, что, по их мнению, делает Украину «уязвимой для будущих нападений». Они также настаивают на том, что границы Украины «не должны изменяться силой».

Кроме того, сообщает Bild, канцлер Фридрих Мерц намерен дать понять президенту США, что гарантии безопасности для Украины «могут не стоить бумаги, на которой они написаны», поскольку аналогичное соглашение было достигнуто еще в 1994 году, когда Киев отказался от ядерного оружия.

Мерца также не устраивают планы Трампа в отношении замороженных российских активов. Согласно им, $100 млрд замороженных российских активов будут инвестированы в возглавляемые США усилия по восстановлению и инвестированию в Украину, Вашингтон, в свою очередь, получит 50% прибыли. Европа добавит $100 млрд, чтобы увеличить объем инвестиций для восстановления Украины. Остальная часть заблокированных активов Москвы будет инвестирована в отдельный американо-российский инвестиционный инструмент.

По данным Der Spiegel, европейцы направили США рабочий вариант контрпредложений по Украине.

__Фото: Reuters__

🐚 РБК в [**Telegram**](https://t.me/+TWkNpYxFVos5YmRi) и [**MAX**](https://max.ru/rbc)",https://t.me/rbc_news/136402
https://t.me/rbc_news,2025-11-22 17:42:26+00:00,"Дональд Трамп [ответил](https://www.rbc.ru/politics/22/11/2025/6921f1cf9a794735a4f677be?utm_source=telegram&utm_medium=messenger&utm_campaign=rbc_news&utm_content=6921f1cf9a794735a4f677be) отрицательно на вопрос журналистов о последнем предложении Украине.

На фоне обсуждения американского мирного плана его спросили: «Это ваше последнее предложение Украине?». На что он ответил: «Нет».

Глава Белого дома добавил лишь, что хочет добиться мира, что «должно было произойти уже давно». И вновь повторил, что конфликт не случился бы, если бы он был президентом. «Мы пытаемся закончить эту войну так или иначе», — сказал он.

__Фото: John McDonnell / Getty Images__

🐚 РБК в [**Telegram**](https://t.me/+TWkNpYxFVos5YmRi) и [**MAX**](https://max.ru/rbc)",https://t.me/rbc_news/136401
https://t.me/rbc_news,2025-11-22 17:36:12+00:00,**Главные новости к вечеру — на телеканале РБК **🐚,https://t.me/rbc_news/136400
https://t.me/rbc_news,2025-11-22 17:01:27+00:00,"Киев и его союзники [шокированы](https://www.rbc.ru/politics/22/11/2025/6921e9ad9a7947853c62be94?utm_source=telegram&utm_medium=messenger&utm_campaign=rbc_news&utm_content=6921e9ad9a7947853c62be94) скоростью, с которой Белый дом продвигает свою мирную сделку по Украине. Об этом пишет Bloomberg.

Запад попытается отсрочить крайний срок для принятия Киевом мирного плана, установленный президентом США Дональдом Трампом на День благодарения — 27 ноября. Союзники Киева хотят согласовать более выгодные для Киева условия сделки, пишет агентство.

По его данным, европейские лидеры используют ту же схему, что и в начале этого года, когда Зеленского застали врасплох в Овальном кабинете. Как и тогда, «задача исправления курса» сейчас в основном ложится на лидеров Великобритании, Германии и Франции, говорится в публикации. Трио в частном порядке работает над более подробным ответом на американский план, который будет обсуждаться в ближайшие дни. Заявление, опубликованное в субботу, — это лишь временная мера, сказано в материале.

🐚 РБК в [**Telegram**](https://t.me/+TWkNpYxFVos5YmRi) и [**MAX**](https://max.ru/rbc)",https://t.me/rbc_news/136399
https://t.me/rbc_news,2025-11-22 16:33:55+00:00,"Россия «не имеет права на уступки» со стороны Украины, а условия любого мирного соглашения должен определять сам Киев, [заявила](https://www.rbc.ru/rbcfreenews/6921d8db9a79474365e6c3dc?utm_source=telegram&utm_medium=messenger&utm_campaign=rbc_news&utm_content=6921d8db9a79474365e6c3dc) глава европейской дипломатии Кая Каллас, сообщает Sky News.

По ее словам, Европа и Украина стремятся к миру, но «не могут просто уступить агрессии». Незадолго до этого Каллас сообщила, что ЕС поддержит любой мирный план, если он обеспечит «прочный и справедливый мир» и будет включать в себя Украину и ЕС, отмечает издание.

__Фото: Amel Emric / Reuters__

🐚 РБК в [**Telegram**](https://t.me/+TWkNpYxFVos5YmRi) и [**MAX**](https://max.ru/rbc)",https://t.me/rbc_news/136398
https://t.me/rbc_news,2025-11-22 15:54:54+00:00,"Европейские лидеры [выразили](https://www.rbc.ru/politics/22/11/2025/6921c1e79a7947d9cd45b477?utm_source=telegram&utm_medium=messenger&utm_campaign=rbc_news&utm_content=6921c1e79a7947d9cd45b477) обеспокоенность по поводу мирного плана США для Украины и считают, что он требует доработки, об этом говорится в заявлении лидеров Европы и стран G7 на саммите G20 в ЮАР.

«Первоначальный проект плана из 28 пунктов включает в себя важные элементы, которые будут иметь решающее значение для справедливого и прочного мира. Поэтому мы считаем, что проект представляет собой основу, требующую дополнительной проработки. Мы готовы к взаимодействию для обеспечения устойчивости будущего мира».

Главы европейских стран, в частности, обеспокоены предлагаемым ограничением численности украинской армии, что, по их мнению, «делает ее уязвимой для будущих нападений», и настаивают на том, что границы Украины «не должны изменяться силой».

Реализация пунктов, касающихся Евросоюза и НАТО, потребует согласия стран ЕС и НАТО соответственно, подчеркивается в заявлении. Лидеры заверили Украину в «неизменной поддержке» и намерены продолжить тесно взаимодействовать с Киевом и Вашингтоном в ближайшие дни.

🐚 РБК в [**Telegram**](https://t.me/+TWkNpYxFVos5YmRi) и [**MAX**](https://max.ru/rbc)",https://t.me/rbc_news/136397
https://t.me/rbc_news,2025-11-22 15:32:14+00:00,"Встреча между российской и американской делегациями для обсуждения мирного плана президента США Дональда Трампа [запланирована](https://www.rbc.ru/politics/22/11/2025/6921d4b69a7947b8186001ad?utm_source=telegram&utm_medium=messenger&utm_campaign=rbc_news&utm_content=6921d4b69a7947b8186001ad), но не в Женеве, сообщил CNN американский чиновник.

По словам собеседника, она «пройдет скоро». Однако он не уточнил, где и когда эта встреча состоится.

В Женеве в воскресенье, 23 ноября, пройдут переговоры между Соединенными Штатами и Украиной по поводу предложенного Вашингтоном плана. По данным CNN, туда уже прилетел министр армии США Дэниел Дрисколл.

🐚 РБК в [**Telegram**](https://t.me/+TWkNpYxFVos5YmRi) и [**MAX**](https://max.ru/rbc)",https://t.me/rbc_news/136396
https://t.me/rbc_news,2025-11-22 15:13:28+00:00,"Хотя предлагаемые Вашингтоном условия мирного соглашения и тяжелы для Украины, **у страны нет иного выбора, кроме как согласиться, иначе в будущем **[**ее ждет сделка похуже**](https://www.rbc.ru/politics/22/11/2025/6921bc7e9a79470f74cd4813?utm_source=telegram&utm_medium=messenger&utm_campaign=rbc_news&utm_content=6921bc7e9a79470f74cd4813), заявила временный поверенный в делах США в Киеве Джули Дэвис на встрече с участием представителей стран НАТО и министра армии США Дэна Дрисколла. Ее слова приводит The Guardian.

«Соглашение не станет лучше, а станет только хуже».

По словам дипломата, президент США Дональд Трамп придерживается «агрессивного графика» для достижения соглашения. 

«Мы стали свидетелями совершенно поразительного темпа дипломатической деятельности».

Американские чиновники сообщили союзникам по НАТО, что они рассчитывают подтолкнуть Зеленского к подписанию мирного соглашения уже в ближайшие дни, пишет издание. По его данным, вашингтонские чиновники пригрозили, если Киев не подпишет предлагаемый Трампом документ, то в будущем его ждет соглашение гораздо хуже.

Министр армии США Дэн Дрисколл проинформировал об этом послов стран НАТО на встрече в Киеве 21 ноября. Как отмечает издание, во время встречи «атмосфера в комнате была мрачной». Кроме того, несколько европейских послов подвергли сомнению содержание соглашения и то, как США вели переговоры с Россией, не информируя об этом своих союзников.

__Фото: Mark Wilson / Getty Images__

🐚 РБК в [**Telegram**](https://t.me/+TWkNpYxFVos5YmRi) и [**MAX**](https://max.ru/rbc)",https://t.me/rbc_news/136395
https://t.me/rbc_news,2025-11-22 14:32:38+00:00,"Мирный план Дональда Трампа по Украине [**будет обсуждаться**](https://www.rbc.ru/politics/22/11/2025/6921c4f29a7947ef379676e6?utm_source=telegram&utm_medium=messenger&utm_campaign=rbc_news&utm_content=6921c4f29a7947ef379676e6)** на встрече представителей ЕС, США и Украины в воскресенье, 23 ноября, в Женеве**. Об этом сообщило агентство DPA со ссылкой на источники в правительственных кругах Германии.

Ранее The Guardian писал, что лидеры стран ЕС на встрече министром армии США Дэном Дрисколлом заявили о своем несогласии с рядом пунктов мирного плана США и необходимости его доработки. Кроме того, они осудили Вашингтон за ведение переговоров за спиной союзников.

Встреча делегации США с европейскими чиновниками по мирной сделке на Украине прошла в «тошнотворном» тоне, отмечают источники Financial Times. На ней Дрисколл предупредил, что Вашингтон не проявит особой гибкости в этом вопросе.

🐚 РБК в [**Telegram**](https://t.me/+TWkNpYxFVos5YmRi) и [**MAX**](https://max.ru/rbc)",https://t.me/rbc_news/136394
https://t.me/rbc_news,2025-11-22 13:46:42+00:00,"**🎄****На зарубежных рынках есть «ралли Санта-Клауса», а в России? 
**
**Оказывается, тоже есть.** «РБК Инвестиции» изучили, что было с российском рынком каждый год в последние пять торговых дней декабря и первые два торговых дня января — по аналогии с зарубежным «ралли Санта-Клауса». За последние 22 года в этот период индекс Мосбиржи с учетом дивидендов снижался только четыре раза, во всех остальных случаях был рост. Сильнее всего бенчмарк вырос в 2005-2006 годах — на 7,47% всего за семь торговых дней.

🔖 **Но у российского рынка есть своя специфика** — к примеру, в декабре традиционно проходит заседание ЦБ по ключевой ставке, которое влияет на оценку акций. Поэтому мы также посмотрели, что было с рынком уже не за пять, а за десять последних торговых дней декабря и два первых торговых дня января. 

И снова позитивный результат: в этот период за последние 22 года индекс Мосбиржи снижался только два раза. Самая сильная динамика была на стыке 2024 и 2025 годов, когда индекс Мосбиржи взлетел почти на 18,5% на решении ЦБ не поднимать ставку вопреки ожиданиям. 

Что способствует росту акций в преддверии Нового года, какой парадокс есть у ралли на российском рынке в конце года и будет ли оно в этом декабре — читайте в материале «РБК Инвестиции».

**Ралли Санта-Клауса на Мосбирже ****👉**** **[**бывало ли раньше и ждать ли в этот раз**](https://www.rbc.ru/quote/news/691ef8c99a794714904bffcb)

__Инфографика: «РБК Инвестиции»__

💱 [Подписаться на «Сам ты инвестор!»](https://t.me/selfinvestor)",https://t.me/rbc_news/136391
https://t.me/rbc_news,2025-11-22 12:57:23+00:00,"Группа двадцати (G20) не преуспевает в урегулировании мировых кризисов в сфере безопасности, и это **ставит под угрозу смысл существования **этого неформального форума, заявил Эмманюэль Макрон на открытии саммита «Большой двадцатки» в Йоханнесбурге.

«**Группа двадцати, вероятно, подходит к концу своего цикла**. <...> Мы переживаем момент в нашей геополитике, когда нам очень трудно вместе за этим столом, включая членов, которые сегодня здесь не присутствуют, решать крупные международные кризисы. Нам трудно достичь общего стандарта в геополитической сфере» 

Французский лидер также добавил, что конфликт на Украине не может быть урегулирован без учета суверенитета этой страны. Он указал и на проблемы в мировой торговле и экономике, отметив, что нынешняя экономическая политика в ряде стран может обернуться кризисами в будущем.

__Фото: Borut Zivulovic / Reuters

__🐚 РБК в [**Telegram**](https://t.me/+TWkNpYxFVos5YmRi) и [**MAX**](https://max.ru/rbc)",https://t.me/rbc_news/136390
https://t.me/rbc_news,2025-11-22 12:35:13+00:00,"**У экс-капитана сборной России Алдонина **[**выявили**](https://www.rbc.ru/sport/22/11/2025/6921a5199a79471659ba44f1)** тяжелое заболевание**

Бывшему капитану сборной России, победителю Кубка УЕФА в составе ЦСКА Евгению Алдонину диагностировано тяжелое заболевание, требующее длительного и дорогостоящего лечения, сообщается в телеграм-канале Российской премьер-лиги (РПЛ). Для помощи 45-летнему бывшему футболисту организован сбор средств.

В качестве игрока Алдонин выступал за ЦСКА с 2004 по 2013 год, с командой он дважды выиграл чемпионат России, пять раз — Кубок России, четыре раза — Суперкубок России, один раз — Кубок УЕФА.

За сборную России Алдонин провел 29 матчей, играл в том числе на Евро-2004.

📷РПЛ

[Подписаться на «РБК Спорт»](https://t.me/rbc_sport)",https://t.me/rbc_news/136389
https://t.me/rbc_news,2025-11-22 12:20:41+00:00,"**Этой осенью крупные банки активно заговорили о необходимости ограничить скидки на маркетплейсах, которые покупатель получает, оплачивая товары картой банка, аффилированного с площадкой (так называемые зеленые ценники). **

На заседаниях совета по экономполитике в Госдуме представители интернет-площадок подчеркивали, что готовы договариваться с банками «без насильственных действий со стороны государства». 

[**В материале РБК**](https://www.rbc.ru/technology_and_media/22/11/2025/6920ad769a7947232ed6f67a?from=from_main_4?utm_source=telegram&utm_medium=messenger&utm_campaign=rbc_news&utm_content=6911b3669a79476edca32bb5)** — о том, чего добиваются стороны конфликта, чем он может закончиться и какая позиция у регулятора. **

__Фото: katunes pcnok / Shutterstock

__🐚 РБК в [**Telegram**](https://t.me/+TWkNpYxFVos5YmRi) и [**MAX**](https://max.ru/rbc)",https://t.me/rbc_news/136388
https://t.me/rbc_news,2025-11-22 11:55:39+00:00,"**В ЮАР начинается саммит «Большой двадцатки». **За 17 лет проведения саммитов G20 это будет первый раз, когда встреча на высшем уровне пройдет в Африке.

ЮАР председательствует в группе в 2025 году. Девиз ее председательства — «Солидарность, равенство, устойчивость», развиваемые в духе убунту (на языке зулу — «человечность»). США решили бойкотировать встречу, Россия и Китай направят на нее делегации.

**Подробнее о том, чего ждать от саммита и насколько важна сейчас роль G20, — **[**в материале РБК. **](https://www.rbc.ru/politics/22/11/2025/691f2ddd9a794710650997c3?from=short_news?utm_source=telegram&utm_medium=messenger&utm_campaign=rbc_news&utm_content=6911b3669a79476edca32bb5)

__Фото: Yves Herman / Reuters

__🐚 РБК в [**Telegram**](https://t.me/+TWkNpYxFVos5YmRi) и [**MAX**](https://max.ru/rbc)",https://t.me/rbc_news/136387
https://t.me/rbc_news,2025-11-22 11:26:58+00:00,"В состав украинской делегации, которая отправится на переговоры с США по поводу плана урегулирования конфликта, [**войдут**](https://www.rbc.ru/politics/22/11/2025/69219a439a7947b97db1bab5?from=short_news?utm_source=telegram&utm_medium=messenger&utm_campaign=rbc_news&utm_content=6911b3669a79476edca32bb5) руководитель офиса президента Украины Андрей Ермак, который ее возглавит, и глава ГУР Кирилл Буданов, свидетельствует указ, размещенной на сайте офиса Владимира Зеленского.

Среди других членов делегации секретарь Совета национальной безопасности и обороны (СНБО) Украины Рустем Умеров и его первый заместитель Евгений Острянский.

🐚 РБК в [**Telegram**](https://t.me/+TWkNpYxFVos5YmRi) и [**MAX**](https://max.ru/rbc)",https://t.me/rbc_news/136386
https://t.me/rbc_news,2025-11-22 11:05:32+00:00,"**В ближайшие дни Украина проведет консультации по шагам для завершения вооруженного конфликта**, сообщила пресс-служба офиса президента Украины в телеграм-канале.

Глава украинского совета национальной безопасности и обороны (СНБО), экс-министр обороны Рустем Умеров также заявил о начале «консультаций» между представителями Украины и США. 

«Украина подходит к этому процессу с четким пониманием своих интересов. Это очередной этап диалога, который продолжается в последние дни и который, прежде всего, призван согласовать видение дальнейших шагов», – написал он. 
 
Умеров подчеркнул, что Украина «ценит участие американской стороны и готовность к предметному разговору».

🐚 РБК в [**Telegram**](https://t.me/+TWkNpYxFVos5YmRi) и [**MAX**](https://max.ru/rbc)",https://t.me/rbc_news/136385
https://t.me/rbc_news,2025-11-22 10:55:55+00:00,"**В Европе раскритиковали положения мирного плана США об использовании российских активов ради восстановления Украины,** [сообщает](https://www.rbc.ru/politics/22/11/2025/692179dd9a79473fa52bec6f?from=short_news?utm_source=telegram&utm_medium=messenger&utm_campaign=rbc_news&utm_content=6911b3669a79476edca32bb5) Politico со ссылкой на высокопоставленных европейских чиновников.

Один чиновник Евросоюза в Брюсселе скептически отозвался об этой идее, отметив, что, чего бы американский президент Дональд Трамп не хотел, у него нет полномочий размораживать активы, находящиеся в Европе.

Представитель правительства страны-члена ЕС выразил возмущение, а другой высокопоставленный политик Евросоюза заявил, что спецпосланнику Трампа Стиву «Уиткоффу нужно показаться психиатру».

__Фото: Marco Bello / Reuters__

🐚 РБК в [**Telegram**](https://t.me/+TWkNpYxFVos5YmRi) и [**MAX**](https://max.ru/rbc)",https://t.me/rbc_news/136384
https://t.me/rbc_news,2025-11-22 10:17:29+00:00,"**Вопрос о проведении следующего контакта Путина и Трампа стоит на повестке дня, необходимо обеспечить его содержательное наполнение, **заявил в интервью журналу «Международная жизнь» замглавы МИД России Сергей Рябков. 

«Я бы ничего не исключал. <…> Мы не можем позволить себе отойти от тех рамок, которые были согласованы лидерами в Анкоридже. Американцы хорошо понимают этот наш подход. Мы по разным линиями и на всех уровнях неоднократно излагали логику, которая стоит за ним»

Россия видит, что поиски «пути вперед» продолжаются, отметил Рябков. Он также добавил, что администрация Трампа признает обоснованность постановки Россией вопроса о том, что первопричины кризиса на Украине есть и их нельзя игнорировать.

🐚 РБК в [**Telegram**](https://t.me/+TWkNpYxFVos5YmRi) и [**MAX**](https://max.ru/rbc)",https://t.me/rbc_news/136383
https://t.me/rbc_news,2025-11-22 10:03:01+00:00,"**Зеленский вместе с лидерами Франции, Германии и других европейских стран пытаются успеть до крайнего срока — четверга, 27 ноября — **[**переписать мирный план**](https://www.rbc.ru/politics/22/11/2025/69217d1d9a7947b7aebc67c1?from=short_news?utm_source=telegram&utm_medium=messenger&utm_campaign=rbc_news&utm_content=6911b3669a79476edca32bb5)** США**, сообщает Bloomberg со ссылкой на осведомленные источники.

При этом европейцы хотят представить переписанный документ как конструктивное обновление. Лидеры стараются выиграть время для Украины, чтобы она могла разработать новые условия прекращения огня с Россией. Высокопоставленные чиновники США считают, что установление крайних сроков превращается в ультиматум.

__Фото: Валентин Огиренко / Reuters

__🐚 РБК в [**Telegram**](https://t.me/+TWkNpYxFVos5YmRi) и [**MAX**](https://max.ru/rbc)",https://t.me/rbc_news/136382
https://t.me/rbc_news,2025-11-22 09:40:01+00:00,"**Посетивший Киев министр армии США Дэниел Дрисколл является новым спецпредставителем Трампа**, [пишет](https://www.rbc.ru/politics/22/11/2025/692182609a794717c7d3fb05?from=short_news?utm_source=telegram&utm_medium=messenger&utm_campaign=rbc_news&utm_content=6911b3669a79476edca32bb5) The Guardian. Официального объявления об этом с американской стороны не было.

Газета отмечает, что Дрисколл является бывшим одноклассником и другом вице-президента США Джей Ди Вэнса. На прошлой неделе Дрисколл посещал Киев в связи с американским планом урегулирования конфликта. Как пишет издание, ожидается, что на следующей неделе группа американских генералов может также отправиться в Москву.

__Фото: Ron Sachs / Consolidated News Photos / Global Look Press

__🐚 РБК в [**Telegram**](https://t.me/+TWkNpYxFVos5YmRi) и [**MAX**](https://max.ru/rbc)",https://t.me/rbc_news/136381
https://t.me/rbc_news,2025-11-22 09:27:37+00:00,"**Российские военные взяли под контроль Звановку в ДНР и Новое Запорожье в Запорожской области,** сообщили в Минобороны.",https://t.me/rbc_news/136380
